Peach - Fresh,ut nulla sed accumsan felis ut at dolor quis odio consequat varius integer ac leo pellentesque ultrices mattis odio donec
Coffee Cup 8oz 5338cd,est quam pharetra magna ac consequat metus sapien ut nunc vestibulum ante ipsum primis
Tea - Black Currant,aenean auctor gravida sem praesent id massa id nisl venenatis lacinia aenean sit amet justo morbi ut odio cras mi
Puree - Mocha,mauris laoreet ut rhoncus aliquet pulvinar sed nisl nunc rhoncus dui vel sem sed sagittis nam
Cheese - Cambozola,est risus auctor sed tristique in tempus sit amet sem fusce consequat nulla nisl nunc nisl duis bibendum
Cookie Dough - Oatmeal Rasin,in est risus auctor sed tristique in tempus sit amet sem fusce consequat nulla nisl
"Pasta - Linguini, Dry",ante nulla justo aliquam quis turpis eget elit sodales scelerisque mauris sit
"Tarragon - Primerba, Paste",eu orci mauris lacinia sapien quis libero nullam sit amet
Juice - Orangina,habitasse platea dictumst aliquam augue quam sollicitudin vitae consectetuer eget rutrum at lorem integer tincidunt ante vel ipsum
"Pepsi - Diet, 355 Ml",etiam justo etiam pretium iaculis justo in hac habitasse platea dictumst etiam faucibus cursus urna
Sauce - Roasted Red Pepper,quisque arcu libero rutrum ac lobortis vel dapibus at diam nam tristique tortor
Quail - Jumbo,fermentum donec ut mauris eget massa tempor convallis nulla neque libero
"Loaf Pan - 2 Lb, Foil",dui vel sem sed sagittis nam congue risus semper porta
Kellogs Special K Cereal,elit proin interdum mauris non ligula pellentesque ultrices phasellus id sapien
"Trout - Rainbow, Fresh",ut at dolor quis odio consequat varius integer ac leo pellentesque ultrices mattis odio donec
Beer - Pilsner Urquell,odio in hac habitasse platea dictumst maecenas ut massa quis
Puree - Blackcurrant,ac leo pellentesque ultrices mattis odio donec vitae nisi nam ultrices libero non mattis pulvinar nulla
Bread Base - Goodhearth,posuere cubilia curae nulla dapibus dolor vel est donec odio justo sollicitudin ut suscipit a feugiat
Spinach - Packaged,ornare imperdiet sapien urna pretium nisl ut volutpat sapien arcu sed augue aliquam erat volutpat in congue etiam justo etiam
Ecolab - Hobart Washarm End Cap,rutrum at lorem integer tincidunt ante vel ipsum praesent blandit
Muffin Hinge Container 6,mattis nibh ligula nec sem duis aliquam convallis nunc proin at turpis
Table Cloth 72x144 White,cubilia curae nulla dapibus dolor vel est donec odio justo sollicitudin
"Sauce - Gravy, Au Jus, Mix",sit amet erat nulla tempus vivamus in felis eu sapien cursus vestibulum proin eu mi nulla ac
"Soup - Beef, Base Mix",dis parturient montes nascetur ridiculus mus etiam vel augue vestibulum rutrum rutrum neque aenean
Wine - Zinfandel California 2002,condimentum id luctus nec molestie sed justo pellentesque viverra pede ac diam cras pellentesque volutpat dui maecenas tristique est et
Cream - 10%,vivamus metus arcu adipiscing molestie hendrerit at vulputate vitae nisl aenean lectus pellentesque eget nunc
Wine - Magnotta - Pinot Gris Sr,ac diam cras pellentesque volutpat dui maecenas tristique est et tempus semper est quam pharetra magna ac consequat metus
Rice - Sushi,ultrices posuere cubilia curae donec pharetra magna vestibulum aliquet ultrices erat tortor sollicitudin mi
Cabbage - Red,gravida nisi at nibh in hac habitasse platea dictumst aliquam augue quam sollicitudin vitae consectetuer eget rutrum at lorem integer
Amaretto,curabitur in libero ut massa volutpat convallis morbi odio odio elementum eu interdum
"Sole - Dover, Whole, Fresh",ipsum primis in faucibus orci luctus et ultrices posuere cubilia
Wine - Chianti Classica Docg,vulputate elementum nullam varius nulla facilisi cras non velit nec nisi vulputate nonummy maecenas tincidunt
Wild Boar - Tenderloin,risus dapibus augue vel accumsan tellus nisi eu orci mauris
"Pasta - Rotini, Colour, Dry",turpis eget elit sodales scelerisque mauris sit amet eros suspendisse accumsan tortor quis turpis sed ante vivamus
"Pineapple - Canned, Rings",duis ac nibh fusce lacus purus aliquet at feugiat non pretium quis lectus suspendisse potenti in eleifend quam a odio
Filter - Coffee,sed vel enim sit amet nunc viverra dapibus nulla suscipit
Lettuce - Lolla Rosa,integer aliquet massa id lobortis convallis tortor risus dapibus augue
Wine - Casillero Del Diablo,ante ipsum primis in faucibus orci luctus et ultrices posuere cubilia curae nulla dapibus dolor vel est donec odio
Lettuce - Green Leaf,in hac habitasse platea dictumst morbi vestibulum velit id pretium iaculis diam erat fermentum justo nec condimentum
"Pasta - Cannelloni, Sheets, Fresh",sociis natoque penatibus et magnis dis parturient montes nascetur ridiculus mus etiam vel augue vestibulum rutrum rutrum neque aenean
Wine - Lamancha Do Crianza,sit amet consectetuer adipiscing elit proin interdum mauris non ligula pellentesque ultrices phasellus id sapien in sapien iaculis congue
Garam Masala Powder,nascetur ridiculus mus vivamus vestibulum sagittis sapien cum sociis natoque penatibus et magnis dis parturient montes nascetur
Ice Cream - Life Savers,libero convallis eget eleifend luctus ultricies eu nibh quisque id justo sit amet sapien dignissim vestibulum vestibulum ante ipsum
Ecolab - Medallion,mauris enim leo rhoncus sed vestibulum sit amet cursus id turpis integer aliquet massa id lobortis convallis tortor
Lettuce - Treviso,erat eros viverra eget congue eget semper rutrum nulla nunc purus phasellus
Ecolab - Medallion,ornare imperdiet sapien urna pretium nisl ut volutpat sapien arcu sed augue aliquam erat volutpat in
Tea - Herbal Sweet Dreams,vitae quam suspendisse potenti nullam porttitor lacus at turpis donec posuere metus vitae ipsum
Calaloo,lectus pellentesque at nulla suspendisse potenti cras in purus eu magna vulputate luctus
"Crush - Orange, 355ml",in hac habitasse platea dictumst aliquam augue quam sollicitudin vitae consectetuer eget rutrum at lorem integer tincidunt ante
Chocolate Bar - Smarties,ligula sit amet eleifend pede libero quis orci nullam molestie nibh in lectus pellentesque at nulla suspendisse potenti cras
Tofu - Firm,commodo vulputate justo in blandit ultrices enim lorem ipsum dolor sit amet consectetuer adipiscing elit proin interdum mauris non ligula
Sterno - Chafing Dish Fuel,ipsum ac tellus semper interdum mauris ullamcorper purus sit amet nulla quisque arcu libero rutrum ac
Creme De Menth - White,pellentesque volutpat dui maecenas tristique est et tempus semper est quam pharetra magna ac consequat metus sapien ut
Sprouts - Brussel,porta volutpat erat quisque erat eros viverra eget congue eget semper rutrum nulla nunc purus
"Tart Shells - Barquettes, Savory",turpis adipiscing lorem vitae mattis nibh ligula nec sem duis aliquam convallis nunc proin at turpis a pede posuere
"Juice - Clam, 46 Oz",bibendum morbi non quam nec dui luctus rutrum nulla tellus in sagittis dui vel
"Tortillas - Flour, 12",et ultrices posuere cubilia curae duis faucibus accumsan odio curabitur convallis duis consequat
Uniform Linen Charge,arcu sed augue aliquam erat volutpat in congue etiam justo etiam pretium iaculis justo in hac habitasse platea
"Chocolate - Pistoles, Lactee, Milk",lectus in quam fringilla rhoncus mauris enim leo rhoncus sed vestibulum sit amet cursus id turpis integer aliquet
Irish Cream - Baileys,nascetur ridiculus mus etiam vel augue vestibulum rutrum rutrum neque aenean auctor gravida sem praesent
Cheese - Shred Cheddar / Mozza,curabitur at ipsum ac tellus semper interdum mauris ullamcorper purus sit amet nulla quisque
Squash - Pepper,facilisi cras non velit nec nisi vulputate nonummy maecenas tincidunt lacus at velit vivamus vel nulla eget eros
Sauce Bbq Smokey,scelerisque mauris sit amet eros suspendisse accumsan tortor quis turpis sed ante vivamus tortor duis mattis
Wine - Maipo Valle Cabernet,aenean sit amet justo morbi ut odio cras mi pede malesuada in imperdiet et commodo vulputate justo in blandit ultrices
Versatainer Nc - 888,suspendisse potenti nullam porttitor lacus at turpis donec posuere metus vitae ipsum aliquam non
Mushroom - Lg - Cello,eros vestibulum ac est lacinia nisi venenatis tristique fusce congue diam id ornare imperdiet sapien urna
Puff Pastry - Slab,augue luctus tincidunt nulla mollis molestie lorem quisque ut erat curabitur
Bread - French Baquette,diam erat fermentum justo nec condimentum neque sapien placerat ante nulla justo aliquam quis turpis eget
"Pasta - Penne, Lisce, Dry",id lobortis convallis tortor risus dapibus augue vel accumsan tellus nisi eu orci mauris lacinia sapien quis
Pastry - Chocolate Marble Tea,libero non mattis pulvinar nulla pede ullamcorper augue a suscipit nulla elit ac nulla sed vel enim
Gatorade - Fruit Punch,blandit mi in porttitor pede justo eu massa donec dapibus duis
Broom And Broom Rack White,in tempor turpis nec euismod scelerisque quam turpis adipiscing lorem vitae mattis nibh ligula nec sem duis aliquam
"Tomatoes - Vine Ripe, Yellow",ligula nec sem duis aliquam convallis nunc proin at turpis a pede posuere nonummy integer non velit
Coffee - Cafe Moreno,neque libero convallis eget eleifend luctus ultricies eu nibh quisque id justo sit
"Lentils - Red, Dry",potenti cras in purus eu magna vulputate luctus cum sociis natoque penatibus et magnis dis parturient
Crab - Meat,nec nisi volutpat eleifend donec ut dolor morbi vel lectus in
Fuji Apples,convallis tortor risus dapibus augue vel accumsan tellus nisi eu orci mauris lacinia sapien
Sobe - Orange Carrot,ut odio cras mi pede malesuada in imperdiet et commodo
Carbonated Water - Blackcherry,sapien a libero nam dui proin leo odio porttitor id consequat in consequat ut nulla sed accumsan felis ut at
"Bread - Pumpernickle, Rounds",erat curabitur gravida nisi at nibh in hac habitasse platea dictumst aliquam augue quam sollicitudin vitae consectetuer eget rutrum
Pepper - Cubanelle,justo in blandit ultrices enim lorem ipsum dolor sit amet consectetuer adipiscing elit proin interdum mauris non ligula pellentesque ultrices
Appetizer - Assorted Box,consequat in consequat ut nulla sed accumsan felis ut at dolor quis odio consequat varius integer ac
Bread - Sour Sticks With Onion,felis sed lacus morbi sem mauris laoreet ut rhoncus aliquet pulvinar sed nisl nunc rhoncus dui vel sem
"Bread - Bagels, Mini",posuere cubilia curae donec pharetra magna vestibulum aliquet ultrices erat tortor
Chivas Regal - 12 Year Old,sapien in sapien iaculis congue vivamus metus arcu adipiscing molestie hendrerit at vulputate vitae
Garam Marsala,ipsum primis in faucibus orci luctus et ultrices posuere cubilia curae donec pharetra magna
Cheese - Brick With Pepper,sed accumsan felis ut at dolor quis odio consequat varius integer
Cucumber - Pickling Ontario,odio donec vitae nisi nam ultrices libero non mattis pulvinar nulla pede ullamcorper augue a suscipit nulla
Croissants Thaw And Serve,risus auctor sed tristique in tempus sit amet sem fusce consequat nulla nisl nunc nisl duis bibendum felis sed
Lettuce - Radicchio,nulla nisl nunc nisl duis bibendum felis sed interdum venenatis turpis enim blandit
Food Colouring - Blue,aliquet ultrices erat tortor sollicitudin mi sit amet lobortis sapien sapien non mi integer ac
"Trout - Hot Smkd, Dbl Fillet",in tempus sit amet sem fusce consequat nulla nisl nunc nisl
Triple Sec - Mcguinness,in tempor turpis nec euismod scelerisque quam turpis adipiscing lorem vitae
Creamers - 10%,nunc nisl duis bibendum felis sed interdum venenatis turpis enim
"Pork - Back, Long Cut, Boneless",praesent blandit nam nulla integer pede justo lacinia eget tincidunt
Wine - Spumante Bambino White,volutpat convallis morbi odio odio elementum eu interdum eu tincidunt in leo maecenas pulvinar lobortis est phasellus
Sugar - Cubes,orci luctus et ultrices posuere cubilia curae duis faucibus accumsan odio curabitur convallis duis consequat dui nec
Crab - Meat,turpis a pede posuere nonummy integer non velit donec diam neque vestibulum eget vulputate ut
Venison - Liver,ut suscipit a feugiat et eros vestibulum ac est lacinia nisi venenatis tristique
Pepper - Gypsy Pepper,vivamus vestibulum sagittis sapien cum sociis natoque penatibus et magnis dis
Beer - Muskoka Cream Ale,in felis eu sapien cursus vestibulum proin eu mi nulla
Sauce Bbq Smokey,sapien sapien non mi integer ac neque duis bibendum morbi
Cheese - Brie Roitelet,in consequat ut nulla sed accumsan felis ut at dolor quis odio consequat varius integer ac leo
Cheese - Stilton,bibendum imperdiet nullam orci pede venenatis non sodales sed tincidunt
Scallops - 20/30,consectetuer adipiscing elit proin risus praesent lectus vestibulum quam sapien varius
Alize Sunset,metus arcu adipiscing molestie hendrerit at vulputate vitae nisl aenean lectus pellentesque eget nunc donec quis orci
Island Oasis - Wildberry,pede morbi porttitor lorem id ligula suspendisse ornare consequat lectus in est
Shrimp - Tiger 21/25,suscipit a feugiat et eros vestibulum ac est lacinia nisi venenatis tristique fusce congue diam id ornare
"Fish - Halibut, Cold Smoked",a feugiat et eros vestibulum ac est lacinia nisi venenatis tristique fusce congue diam id ornare imperdiet sapien
Soup - Base Broth Beef,rhoncus aliquam lacus morbi quis tortor id nulla ultrices aliquet maecenas leo odio condimentum id luctus nec molestie sed
"Sauce - Bernaise, Mix",amet sapien dignissim vestibulum vestibulum ante ipsum primis in faucibus orci luctus et ultrices posuere cubilia curae nulla dapibus dolor
Ham - Cooked,vulputate vitae nisl aenean lectus pellentesque eget nunc donec quis orci eget orci vehicula condimentum curabitur
Bagel - Everything,in hac habitasse platea dictumst aliquam augue quam sollicitudin vitae consectetuer eget rutrum at lorem integer tincidunt ante vel
"Beans - Navy, Dry",ac nibh fusce lacus purus aliquet at feugiat non pretium quis lectus suspendisse potenti in eleifend quam a odio
Filter - Coffee,commodo vulputate justo in blandit ultrices enim lorem ipsum dolor sit
Lamb - Rack,mauris ullamcorper purus sit amet nulla quisque arcu libero rutrum ac lobortis
Quinoa,a suscipit nulla elit ac nulla sed vel enim sit amet nunc
Apricots - Halves,non mattis pulvinar nulla pede ullamcorper augue a suscipit nulla elit ac nulla sed vel
Bread - Pain Au Liat X12,pede malesuada in imperdiet et commodo vulputate justo in blandit ultrices enim lorem
Shrimp - 150 - 250,lacinia erat vestibulum sed magna at nunc commodo placerat praesent blandit
"Crush - Orange, 355ml",nam ultrices libero non mattis pulvinar nulla pede ullamcorper augue a suscipit nulla elit
Gherkin,at nunc commodo placerat praesent blandit nam nulla integer pede justo
Nantucket Apple Juice,eu sapien cursus vestibulum proin eu mi nulla ac enim in tempor turpis nec euismod scelerisque quam
"Veal - Insides, Grains",non lectus aliquam sit amet diam in magna bibendum imperdiet nullam orci pede venenatis non sodales sed tincidunt eu
Pork - Inside,sem fusce consequat nulla nisl nunc nisl duis bibendum felis sed interdum venenatis turpis enim blandit mi
Lobster - Live,tellus nisi eu orci mauris lacinia sapien quis libero nullam sit amet turpis elementum ligula vehicula consequat
Piping Jelly - All Colours,lacus curabitur at ipsum ac tellus semper interdum mauris ullamcorper purus sit
Five Alive Citrus,justo in hac habitasse platea dictumst etiam faucibus cursus urna
Fond - Chocolate,porta volutpat erat quisque erat eros viverra eget congue eget semper rutrum nulla nunc
"Chocolate - Pistoles, Lactee, Milk",augue aliquam erat volutpat in congue etiam justo etiam pretium iaculis justo
Island Oasis - Raspberry,volutpat convallis morbi odio odio elementum eu interdum eu tincidunt in leo maecenas pulvinar lobortis est phasellus sit amet erat
"Liners - Banana, Paper",interdum eu tincidunt in leo maecenas pulvinar lobortis est phasellus sit amet erat nulla
"Lamb - Pieces, Diced",aliquet massa id lobortis convallis tortor risus dapibus augue vel accumsan tellus
"Pepper - Black, Ground",metus aenean fermentum donec ut mauris eget massa tempor convallis nulla neque libero convallis eget eleifend luctus ultricies eu nibh
Wine - Casablanca Valley,rhoncus dui vel sem sed sagittis nam congue risus semper porta volutpat quam pede lobortis ligula sit amet eleifend pede
"Chilli Paste, Sambal Oelek",aliquet at feugiat non pretium quis lectus suspendisse potenti in eleifend quam a odio
Lettuce - Lolla Rosa,morbi porttitor lorem id ligula suspendisse ornare consequat lectus in est risus auctor
"Appetizer - Mini Egg Roll, Shrimp",egestas metus aenean fermentum donec ut mauris eget massa tempor convallis nulla neque libero convallis eget eleifend
Butter - Pod,condimentum id luctus nec molestie sed justo pellentesque viverra pede ac diam cras pellentesque volutpat dui maecenas tristique
Juice - Lemon,donec diam neque vestibulum eget vulputate ut ultrices vel augue vestibulum ante ipsum primis in faucibus orci luctus
Table Cloth 62x114 White,tellus semper interdum mauris ullamcorper purus sit amet nulla quisque arcu libero
Tuna - Sushi Grade,nulla ut erat id mauris vulputate elementum nullam varius nulla facilisi cras non velit nec nisi vulputate
Cookie Chocolate Chip With,donec quis orci eget orci vehicula condimentum curabitur in libero ut massa
Kale - Red,porttitor lorem id ligula suspendisse ornare consequat lectus in est risus
Energy Drink - Franks Original,nulla ultrices aliquet maecenas leo odio condimentum id luctus nec molestie sed justo pellentesque viverra pede ac
Squash - Guords,ut blandit non interdum in ante vestibulum ante ipsum primis in faucibus orci luctus et ultrices posuere cubilia curae duis
"Cheese - Mozzarella, Buffalo",aliquam quis turpis eget elit sodales scelerisque mauris sit amet eros suspendisse accumsan tortor quis turpis sed ante vivamus
Sage - Ground,duis consequat dui nec nisi volutpat eleifend donec ut dolor morbi vel
Remy Red,urna pretium nisl ut volutpat sapien arcu sed augue aliquam erat volutpat in congue etiam justo etiam pretium iaculis
Bread - Pain Au Liat X12,purus phasellus in felis donec semper sapien a libero nam dui
Table Cloth 81x81 Colour,adipiscing molestie hendrerit at vulputate vitae nisl aenean lectus pellentesque
Lime Cordial - Roses,justo in hac habitasse platea dictumst etiam faucibus cursus urna ut tellus nulla ut erat id mauris
Wild Boar - Tenderloin,eleifend quam a odio in hac habitasse platea dictumst maecenas ut massa quis augue luctus tincidunt nulla
Wine - Barossa Valley Estate,suscipit nulla elit ac nulla sed vel enim sit amet nunc viverra dapibus nulla
Garam Marsala,lacinia aenean sit amet justo morbi ut odio cras mi pede malesuada in imperdiet et commodo vulputate justo in blandit
Pectin,urna ut tellus nulla ut erat id mauris vulputate elementum nullam varius nulla facilisi cras non velit nec nisi vulputate
Soup - Campbells Bean Medley,ante vivamus tortor duis mattis egestas metus aenean fermentum donec
Lid Tray - 16in Dome,non velit donec diam neque vestibulum eget vulputate ut ultrices vel augue
Cleaner - Lime Away,primis in faucibus orci luctus et ultrices posuere cubilia curae duis faucibus accumsan odio
"Tomatoes - Vine Ripe, Red",nisl duis bibendum felis sed interdum venenatis turpis enim blandit mi in porttitor pede justo eu massa donec dapibus duis
"Beets - Candy Cane, Organic",dictumst etiam faucibus cursus urna ut tellus nulla ut erat id mauris vulputate elementum nullam varius nulla
"Tortillas - Flour, 10",eleifend pede libero quis orci nullam molestie nibh in lectus pellentesque at nulla suspendisse potenti cras in purus eu magna
"Coconut - Shredded, Unsweet",volutpat quam pede lobortis ligula sit amet eleifend pede libero quis orci nullam molestie nibh in lectus pellentesque at nulla
Cheese - Colby,integer ac neque duis bibendum morbi non quam nec dui luctus rutrum nulla tellus in
"Sparkling Wine - Rose, Freixenet",nec sem duis aliquam convallis nunc proin at turpis a pede posuere
Glaze - Clear,sit amet consectetuer adipiscing elit proin risus praesent lectus vestibulum quam sapien varius ut blandit non interdum in
Wine - Redchard Merritt,vestibulum vestibulum ante ipsum primis in faucibus orci luctus et
Onions - Green,ut tellus nulla ut erat id mauris vulputate elementum nullam varius nulla facilisi
Beef Striploin Aaa,vestibulum sed magna at nunc commodo placerat praesent blandit nam nulla integer pede
Wine - Cave Springs Dry Riesling,vestibulum ante ipsum primis in faucibus orci luctus et ultrices posuere cubilia curae nulla dapibus dolor vel est
Raspberries - Fresh,justo sit amet sapien dignissim vestibulum vestibulum ante ipsum primis
"Soup - Campbells, Lentil",ligula sit amet eleifend pede libero quis orci nullam molestie nibh in lectus pellentesque at nulla suspendisse potenti cras
Tomato - Plum With Basil,sed nisl nunc rhoncus dui vel sem sed sagittis nam congue risus semper porta volutpat
Cheese - Parmigiano Reggiano,platea dictumst maecenas ut massa quis augue luctus tincidunt nulla mollis molestie lorem quisque ut erat curabitur gravida nisi at
Cocktail Napkin Blue,vestibulum ante ipsum primis in faucibus orci luctus et ultrices posuere cubilia curae nulla
Compound - Mocha,ultrices posuere cubilia curae nulla dapibus dolor vel est donec odio justo sollicitudin ut suscipit
Gatorade - Xfactor Berry,at velit eu est congue elementum in hac habitasse platea dictumst morbi vestibulum velit id pretium iaculis diam erat
Bagels Poppyseed,mus etiam vel augue vestibulum rutrum rutrum neque aenean auctor gravida sem praesent id massa id nisl venenatis lacinia
Chevere Logs,velit donec diam neque vestibulum eget vulputate ut ultrices vel augue vestibulum ante
Bagel - Plain,semper porta volutpat quam pede lobortis ligula sit amet eleifend pede libero quis orci nullam molestie
"Beef - Tongue, Fresh",augue a suscipit nulla elit ac nulla sed vel enim sit amet nunc viverra dapibus nulla suscipit ligula in
Beer - True North Strong Ale,odio donec vitae nisi nam ultrices libero non mattis pulvinar nulla pede ullamcorper augue a suscipit nulla
Yoghurt Tubes,diam id ornare imperdiet sapien urna pretium nisl ut volutpat sapien arcu sed augue aliquam erat volutpat
"Lentils - Green, Dry",consectetuer eget rutrum at lorem integer tincidunt ante vel ipsum praesent blandit lacinia erat
Puree - Pear,id massa id nisl venenatis lacinia aenean sit amet justo morbi ut odio cras mi pede malesuada in imperdiet et
Apples - Sliced / Wedge,leo rhoncus sed vestibulum sit amet cursus id turpis integer aliquet massa
Chicken - Ground,fermentum justo nec condimentum neque sapien placerat ante nulla justo aliquam quis turpis eget elit sodales scelerisque mauris
"Napkin - Beverge, White 2 - Ply",vivamus tortor duis mattis egestas metus aenean fermentum donec ut mauris eget massa tempor convallis nulla neque libero
Daves Island Stinger,lorem quisque ut erat curabitur gravida nisi at nibh in hac habitasse platea dictumst aliquam augue
Cleaner - Pine Sol,pede justo eu massa donec dapibus duis at velit eu est congue elementum in hac habitasse
Pastry - Lemon Danish - Mini,vulputate nonummy maecenas tincidunt lacus at velit vivamus vel nulla eget
Pork - Sausage Casing,nam congue risus semper porta volutpat quam pede lobortis ligula sit amet eleifend pede libero quis orci nullam
Longos - Chicken Curried,vestibulum sed magna at nunc commodo placerat praesent blandit nam nulla integer pede justo lacinia eget
Potatoes - Pei 10 Oz,eget orci vehicula condimentum curabitur in libero ut massa volutpat convallis morbi odio odio elementum eu interdum
Onions - Pearl,vestibulum velit id pretium iaculis diam erat fermentum justo nec condimentum neque sapien placerat ante nulla justo aliquam quis
Wine - Balbach Riverside,eget nunc donec quis orci eget orci vehicula condimentum curabitur
Pate - Liver,est lacinia nisi venenatis tristique fusce congue diam id ornare imperdiet sapien urna pretium nisl ut volutpat
"Asparagus - White, Canned",ultricies eu nibh quisque id justo sit amet sapien dignissim vestibulum vestibulum ante ipsum primis in faucibus
"Nut - Pecan, Pieces",interdum eu tincidunt in leo maecenas pulvinar lobortis est phasellus sit
Lime Cordial - Roses,volutpat sapien arcu sed augue aliquam erat volutpat in congue etiam justo etiam pretium iaculis justo in hac habitasse platea
Muffin - Mix - Creme Brule 15l,diam neque vestibulum eget vulputate ut ultrices vel augue vestibulum
Beef - Prime Rib Aaa,sit amet consectetuer adipiscing elit proin interdum mauris non ligula pellentesque ultrices phasellus id sapien in sapien iaculis congue
Wine - German Riesling,in quis justo maecenas rhoncus aliquam lacus morbi quis tortor
Vinegar - Raspberry,mauris laoreet ut rhoncus aliquet pulvinar sed nisl nunc rhoncus dui vel sem sed sagittis nam congue risus semper
"Shrimp - 16/20, Iqf, Shell On",pede venenatis non sodales sed tincidunt eu felis fusce posuere felis sed lacus morbi
Soup - Cream Of Broccoli,montes nascetur ridiculus mus vivamus vestibulum sagittis sapien cum sociis natoque penatibus et magnis dis parturient montes nascetur ridiculus mus
"Pepper - Chillies, Crushed",magnis dis parturient montes nascetur ridiculus mus etiam vel augue vestibulum rutrum rutrum neque aenean auctor
Pastry - Carrot Muffin - Mini,vestibulum ante ipsum primis in faucibus orci luctus et ultrices posuere
Muffin Hinge 117n,auctor sed tristique in tempus sit amet sem fusce consequat
Vinegar - Rice,nibh fusce lacus purus aliquet at feugiat non pretium quis
"Coke - Diet, 355 Ml",est donec odio justo sollicitudin ut suscipit a feugiat et eros vestibulum ac est lacinia
Soup - Campbells Mac N Cheese,fusce consequat nulla nisl nunc nisl duis bibendum felis sed interdum venenatis turpis
Wine - Alicanca Vinho Verde,nunc donec quis orci eget orci vehicula condimentum curabitur in
Chips - Miss Vickies,eros suspendisse accumsan tortor quis turpis sed ante vivamus tortor duis mattis egestas
Bread - Rye,elementum nullam varius nulla facilisi cras non velit nec nisi vulputate nonummy maecenas
Oven Mitt - 13 Inch,quis turpis eget elit sodales scelerisque mauris sit amet eros suspendisse
Puree - Blackcurrant,montes nascetur ridiculus mus etiam vel augue vestibulum rutrum rutrum
Tilapia - Fillets,interdum in ante vestibulum ante ipsum primis in faucibus orci luctus et ultrices posuere cubilia curae duis faucibus accumsan odio
Cape Capensis - Fillet,ante vestibulum ante ipsum primis in faucibus orci luctus et ultrices posuere cubilia curae duis faucibus accumsan
Broccoli - Fresh,turpis enim blandit mi in porttitor pede justo eu massa donec dapibus
Wine - Rosso Toscano Igt,eget massa tempor convallis nulla neque libero convallis eget eleifend luctus ultricies eu nibh quisque id justo
"Beef - Outside, Round",augue a suscipit nulla elit ac nulla sed vel enim sit amet nunc viverra dapibus nulla suscipit ligula in lacus
Kellogs Special K Cereal,elit proin risus praesent lectus vestibulum quam sapien varius ut blandit non interdum
"Pasta - Shells, Medium, Dry",vestibulum eget vulputate ut ultrices vel augue vestibulum ante ipsum primis in
Carbonated Water - Orange,tempus vel pede morbi porttitor lorem id ligula suspendisse ornare consequat lectus in est risus auctor sed tristique in tempus
Arrowroot,tristique est et tempus semper est quam pharetra magna ac consequat metus
"Rum - Light, Captain Morgan",eget tempus vel pede morbi porttitor lorem id ligula suspendisse ornare consequat lectus in est risus auctor
Bulgar,potenti in eleifend quam a odio in hac habitasse platea dictumst
Sprouts - China Rose,suscipit a feugiat et eros vestibulum ac est lacinia nisi venenatis tristique fusce congue diam id
Dried Peach,amet cursus id turpis integer aliquet massa id lobortis convallis tortor risus dapibus augue
Energy Drink - Franks Original,est quam pharetra magna ac consequat metus sapien ut nunc vestibulum ante ipsum
Bread - Bistro Sour,ut mauris eget massa tempor convallis nulla neque libero convallis eget eleifend
True - Vue Containers,libero rutrum ac lobortis vel dapibus at diam nam tristique
Soup - Base Broth Beef,nullam molestie nibh in lectus pellentesque at nulla suspendisse potenti
Bread Ww Cluster,id sapien in sapien iaculis congue vivamus metus arcu adipiscing molestie hendrerit at vulputate vitae nisl aenean lectus
Orange Roughy 4/6 Oz,in felis eu sapien cursus vestibulum proin eu mi nulla
"Soup - Campbells, Cream Of",aliquet maecenas leo odio condimentum id luctus nec molestie sed justo
Snapple Raspberry Tea,elementum nullam varius nulla facilisi cras non velit nec nisi vulputate nonummy maecenas tincidunt lacus at velit vivamus vel
Currants,ultrices aliquet maecenas leo odio condimentum id luctus nec molestie sed justo pellentesque
Bay Leaf Fresh,aliquam convallis nunc proin at turpis a pede posuere nonummy integer non velit donec diam neque vestibulum eget vulputate ut
Sausage - Blood Pudding,mus vivamus vestibulum sagittis sapien cum sociis natoque penatibus et magnis dis parturient montes nascetur ridiculus mus etiam vel
Cheese - Cheddarsliced,viverra pede ac diam cras pellentesque volutpat dui maecenas tristique est et tempus semper est quam pharetra magna
"Salmon - Whole, 4 - 6 Pounds",vestibulum sed magna at nunc commodo placerat praesent blandit nam nulla integer pede
"Marsala - Sperone, Fine, D.o.c.",sit amet eros suspendisse accumsan tortor quis turpis sed ante vivamus tortor duis mattis egestas metus aenean fermentum donec
Capers - Pickled,diam vitae quam suspendisse potenti nullam porttitor lacus at turpis donec posuere metus vitae ipsum aliquam non
"Jam - Raspberry,jar",vulputate luctus cum sociis natoque penatibus et magnis dis parturient montes nascetur ridiculus mus
"Artichoke - Hearts, Canned",accumsan tellus nisi eu orci mauris lacinia sapien quis libero nullam sit amet turpis elementum ligula vehicula consequat
Ice Cream Bar - Rolo Cone,tellus nisi eu orci mauris lacinia sapien quis libero nullam
"Pasta - Rotini, Dry",blandit non interdum in ante vestibulum ante ipsum primis in faucibus orci
Lettuce - Treviso,vel lectus in quam fringilla rhoncus mauris enim leo rhoncus sed vestibulum sit amet
Sugar - Monocystal / Rock,porta volutpat quam pede lobortis ligula sit amet eleifend pede libero quis orci nullam molestie nibh in lectus pellentesque at
Whmis Spray Bottle Graduated,consectetuer adipiscing elit proin interdum mauris non ligula pellentesque ultrices phasellus id sapien in sapien iaculis congue vivamus metus
"Juice - Orange, Concentrate",ligula pellentesque ultrices phasellus id sapien in sapien iaculis congue vivamus metus arcu adipiscing molestie hendrerit at vulputate vitae
Swordfish Loin Portions,vestibulum eget vulputate ut ultrices vel augue vestibulum ante ipsum primis in faucibus orci luctus et
"Flour - Corn, Fine",enim in tempor turpis nec euismod scelerisque quam turpis adipiscing lorem
Cup - 8oz Coffee Perforated,ultrices enim lorem ipsum dolor sit amet consectetuer adipiscing elit proin interdum mauris
Durian Fruit,primis in faucibus orci luctus et ultrices posuere cubilia curae mauris viverra diam vitae quam suspendisse potenti nullam porttitor
Flour - Teff,ut nulla sed accumsan felis ut at dolor quis odio consequat varius integer ac leo pellentesque
Kahlua,phasellus sit amet erat nulla tempus vivamus in felis eu sapien cursus vestibulum proin eu mi nulla ac enim
Shrimp - 31/40,pellentesque ultrices mattis odio donec vitae nisi nam ultrices libero
"Beans - Turtle, Black, Dry",sit amet turpis elementum ligula vehicula consequat morbi a ipsum integer a nibh in quis justo
Lettuce - Sea / Sea Asparagus,tellus nisi eu orci mauris lacinia sapien quis libero nullam
Eggwhite Frozen,donec semper sapien a libero nam dui proin leo odio
Mushroom - Lg - Cello,justo lacinia eget tincidunt eget tempus vel pede morbi porttitor lorem
"Tomatoes - Vine Ripe, Yellow",dictumst aliquam augue quam sollicitudin vitae consectetuer eget rutrum at lorem integer tincidunt ante vel ipsum praesent blandit lacinia
Chips Potato Salt Vinegar 43g,lorem vitae mattis nibh ligula nec sem duis aliquam convallis nunc proin at turpis
Table Cloth 54x54 Colour,sit amet nulla quisque arcu libero rutrum ac lobortis vel dapibus at diam nam tristique tortor
Coconut Milk - Unsweetened,orci luctus et ultrices posuere cubilia curae donec pharetra magna vestibulum
Cape Capensis - Fillet,odio porttitor id consequat in consequat ut nulla sed accumsan felis ut at dolor quis odio consequat varius integer
Pepperoni Slices,consectetuer adipiscing elit proin risus praesent lectus vestibulum quam sapien varius ut blandit non interdum
Crab - Imitation Flakes,arcu adipiscing molestie hendrerit at vulputate vitae nisl aenean lectus pellentesque eget nunc donec quis orci
Sprouts - Alfalfa,quis orci nullam molestie nibh in lectus pellentesque at nulla
Anchovy In Oil,vestibulum sed magna at nunc commodo placerat praesent blandit nam nulla integer pede justo lacinia eget tincidunt
Sprouts - Brussel,in tempus sit amet sem fusce consequat nulla nisl nunc nisl duis bibendum
Sauce - Plum,consequat dui nec nisi volutpat eleifend donec ut dolor morbi
Chicken - Tenderloin,congue diam id ornare imperdiet sapien urna pretium nisl ut volutpat sapien
Pastry - Apple Large,in faucibus orci luctus et ultrices posuere cubilia curae mauris viverra diam
Wine - Placido Pinot Grigo,sit amet nunc viverra dapibus nulla suscipit ligula in lacus curabitur
"Crush - Grape, 355 Ml",sapien iaculis congue vivamus metus arcu adipiscing molestie hendrerit at vulputate vitae nisl aenean lectus pellentesque eget nunc donec
Nut - Macadamia,at velit eu est congue elementum in hac habitasse platea dictumst morbi vestibulum velit
Lettuce - Belgian Endive,porta volutpat erat quisque erat eros viverra eget congue eget semper rutrum
"Capon - Breast, Double, Wing On",sem sed sagittis nam congue risus semper porta volutpat quam pede lobortis
"Orange - Canned, Mandarin",aenean fermentum donec ut mauris eget massa tempor convallis nulla
Sugar - Palm,enim leo rhoncus sed vestibulum sit amet cursus id turpis
Tequila Rose Cream Liquor,feugiat et eros vestibulum ac est lacinia nisi venenatis tristique fusce congue diam id ornare imperdiet
"Glass - Wine, Plastic, Clear 5 Oz",egestas metus aenean fermentum donec ut mauris eget massa tempor convallis nulla neque libero convallis eget eleifend luctus ultricies eu
Chicken - Ground,montes nascetur ridiculus mus etiam vel augue vestibulum rutrum rutrum
"Yogurt - Blueberry, 175 Gr",commodo placerat praesent blandit nam nulla integer pede justo lacinia eget tincidunt eget tempus vel
Wine - Remy Pannier Rose,praesent blandit lacinia erat vestibulum sed magna at nunc commodo placerat praesent blandit nam nulla
Beef - Montreal Smoked Brisket,in faucibus orci luctus et ultrices posuere cubilia curae nulla dapibus dolor vel est donec odio justo sollicitudin ut
Sherry - Dry,integer ac leo pellentesque ultrices mattis odio donec vitae nisi nam ultrices libero
Muffins - Assorted,et commodo vulputate justo in blandit ultrices enim lorem ipsum dolor sit amet consectetuer adipiscing elit
Table Cloth 54x72 White,urna ut tellus nulla ut erat id mauris vulputate elementum nullam varius nulla facilisi cras non velit
Cake - Sheet Strawberry,faucibus orci luctus et ultrices posuere cubilia curae nulla dapibus dolor vel est donec odio justo sollicitudin
Ezy Change Mophandle,sem duis aliquam convallis nunc proin at turpis a pede posuere nonummy integer non velit donec diam neque vestibulum
Squid - Breaded,molestie nibh in lectus pellentesque at nulla suspendisse potenti cras in purus eu magna
Anchovy Fillets,quis turpis eget elit sodales scelerisque mauris sit amet eros suspendisse accumsan tortor quis turpis
Cheese - Le Cheve Noir,nisi eu orci mauris lacinia sapien quis libero nullam sit amet turpis elementum ligula vehicula consequat
Bay Leaf Ground,vitae nisl aenean lectus pellentesque eget nunc donec quis orci eget orci vehicula condimentum curabitur
Longos - Greek Salad,diam id ornare imperdiet sapien urna pretium nisl ut volutpat sapien arcu sed augue aliquam erat volutpat in
Crush - Cream Soda,sapien urna pretium nisl ut volutpat sapien arcu sed augue aliquam erat volutpat in
Wine - Rosso Toscano Igt,feugiat non pretium quis lectus suspendisse potenti in eleifend quam a odio
Longos - Grilled Chicken With,sed interdum venenatis turpis enim blandit mi in porttitor pede justo eu massa donec dapibus
Watercress,vehicula consequat morbi a ipsum integer a nibh in quis justo maecenas rhoncus aliquam lacus morbi quis tortor id nulla
Wine - Kwv Chenin Blanc South,fermentum justo nec condimentum neque sapien placerat ante nulla justo aliquam quis turpis
Table Cloth 62x114 White,vulputate justo in blandit ultrices enim lorem ipsum dolor sit amet consectetuer
Cheese - Provolone,justo eu massa donec dapibus duis at velit eu est congue elementum in hac habitasse platea dictumst morbi vestibulum
Appetizer - Sausage Rolls,congue diam id ornare imperdiet sapien urna pretium nisl ut volutpat sapien arcu sed augue aliquam erat volutpat in
Garam Marsala,morbi porttitor lorem id ligula suspendisse ornare consequat lectus in est risus auctor sed tristique in tempus sit amet
Beer - Corona,sem duis aliquam convallis nunc proin at turpis a pede posuere nonummy
Olives - Kalamata,neque aenean auctor gravida sem praesent id massa id nisl venenatis lacinia aenean sit amet
"Chicken - Thigh, Bone In",luctus et ultrices posuere cubilia curae donec pharetra magna vestibulum aliquet ultrices erat tortor sollicitudin mi sit amet lobortis
Cheese - Marble,velit vivamus vel nulla eget eros elementum pellentesque quisque porta volutpat erat
Wine - Red Oakridge Merlot,mauris eget massa tempor convallis nulla neque libero convallis eget eleifend luctus ultricies eu nibh quisque id justo
"Mushroom - Shitake, Dry",cum sociis natoque penatibus et magnis dis parturient montes nascetur ridiculus mus etiam vel augue vestibulum rutrum rutrum
Tea - Apple Green Tea,ullamcorper purus sit amet nulla quisque arcu libero rutrum ac lobortis vel
Sansho Powder,nulla neque libero convallis eget eleifend luctus ultricies eu nibh quisque id justo
Beer - Rickards Red,diam erat fermentum justo nec condimentum neque sapien placerat ante nulla justo aliquam quis turpis
Brandy Cherry - Mcguinness,primis in faucibus orci luctus et ultrices posuere cubilia curae nulla dapibus dolor vel
"Pesto - Primerba, Paste",cras mi pede malesuada in imperdiet et commodo vulputate justo in blandit ultrices enim
Molasses - Fancy,eget nunc donec quis orci eget orci vehicula condimentum curabitur in libero ut massa volutpat convallis
Pork - Smoked Kassler,tortor quis turpis sed ante vivamus tortor duis mattis egestas metus aenean fermentum donec ut mauris eget massa
"Radish - Black, Winter, Organic",purus aliquet at feugiat non pretium quis lectus suspendisse potenti in eleifend quam a odio in hac
Kaffir Lime Leaves,massa quis augue luctus tincidunt nulla mollis molestie lorem quisque ut erat curabitur gravida
Ginger - Crystalized,luctus et ultrices posuere cubilia curae donec pharetra magna vestibulum
Chocolate Bar - Smarties,ullamcorper augue a suscipit nulla elit ac nulla sed vel enim sit amet nunc viverra dapibus nulla
Pepper - Red Thai,non sodales sed tincidunt eu felis fusce posuere felis sed lacus
"Beef - Chuck, Boneless",aenean fermentum donec ut mauris eget massa tempor convallis nulla neque libero convallis eget eleifend luctus ultricies
Wine - Zinfandel Rosenblum,quisque erat eros viverra eget congue eget semper rutrum nulla nunc purus phasellus in felis donec semper sapien a
"Wine - Red, Harrow Estates, Cab",vestibulum ante ipsum primis in faucibus orci luctus et ultrices posuere cubilia curae duis faucibus accumsan odio curabitur
Trueblue - Blueberry Cranberry,tincidunt nulla mollis molestie lorem quisque ut erat curabitur gravida nisi at
Energy Drink Red Bull,justo pellentesque viverra pede ac diam cras pellentesque volutpat dui maecenas tristique est et
Berry Brulee,urna ut tellus nulla ut erat id mauris vulputate elementum nullam varius nulla facilisi cras non
Bamboo Shoots - Sliced,volutpat convallis morbi odio odio elementum eu interdum eu tincidunt in leo maecenas pulvinar lobortis
Mushroom Morel Fresh,ut blandit non interdum in ante vestibulum ante ipsum primis
"Carrots - Mini, Stem On",eget semper rutrum nulla nunc purus phasellus in felis donec semper sapien a libero nam dui proin leo
Corn - Mini,dictumst morbi vestibulum velit id pretium iaculis diam erat fermentum
Wine - White Cab Sauv.on,nunc vestibulum ante ipsum primis in faucibus orci luctus et ultrices posuere cubilia curae mauris viverra diam vitae
Flour Dark Rye,tincidunt lacus at velit vivamus vel nulla eget eros elementum pellentesque quisque porta
Napkin - Beverage 1 Ply,sapien arcu sed augue aliquam erat volutpat in congue etiam justo etiam pretium iaculis justo in hac
"Pasta - Penne, Rigate, Dry",semper sapien a libero nam dui proin leo odio porttitor id consequat in consequat ut
Lid Tray - 12in Dome,bibendum imperdiet nullam orci pede venenatis non sodales sed tincidunt eu
Flavouring - Rum,vitae consectetuer eget rutrum at lorem integer tincidunt ante vel ipsum praesent blandit lacinia erat vestibulum sed magna
Wine - Sawmill Creek Autumn,at nibh in hac habitasse platea dictumst aliquam augue quam sollicitudin
"Corn - Cream, Canned",volutpat erat quisque erat eros viverra eget congue eget semper rutrum nulla nunc purus phasellus in felis donec semper
Lamb - Ground,lacinia erat vestibulum sed magna at nunc commodo placerat praesent blandit nam nulla integer pede justo lacinia eget
Ham Black Forest,accumsan odio curabitur convallis duis consequat dui nec nisi volutpat eleifend donec
Pepper - Cayenne,in faucibus orci luctus et ultrices posuere cubilia curae nulla dapibus dolor vel est donec odio justo
"Carrots - Purple, Organic",ut erat id mauris vulputate elementum nullam varius nulla facilisi cras non velit
Spice - Chili Powder Mexican,tortor sollicitudin mi sit amet lobortis sapien sapien non mi
Melon - Honey Dew,auctor sed tristique in tempus sit amet sem fusce consequat nulla nisl nunc
Pork - Back Ribs,vel ipsum praesent blandit lacinia erat vestibulum sed magna at nunc commodo placerat praesent blandit nam nulla
Grouper - Fresh,sed augue aliquam erat volutpat in congue etiam justo etiam pretium iaculis justo in
Salmon Steak - Cohoe 8 Oz,nullam molestie nibh in lectus pellentesque at nulla suspendisse potenti cras in purus eu magna vulputate luctus cum sociis natoque
Energy Drink Red Bull,integer ac neque duis bibendum morbi non quam nec dui luctus rutrum nulla tellus in sagittis dui vel
Langers - Mango Nectar,velit id pretium iaculis diam erat fermentum justo nec condimentum
Squash - Pepper,ac diam cras pellentesque volutpat dui maecenas tristique est et tempus semper est quam pharetra magna ac
"Wine - White, French Cross",ut at dolor quis odio consequat varius integer ac leo pellentesque ultrices mattis odio donec
Wine - Two Oceans Cabernet,ante ipsum primis in faucibus orci luctus et ultrices posuere
Table Cloth 54x54 White,tristique fusce congue diam id ornare imperdiet sapien urna pretium
Pie Shell - 9,luctus ultricies eu nibh quisque id justo sit amet sapien dignissim vestibulum vestibulum
"Soup - Beef Conomme, Dry",quam sapien varius ut blandit non interdum in ante vestibulum ante ipsum primis
"Mushrooms - Black, Dried",at ipsum ac tellus semper interdum mauris ullamcorper purus sit
Muffin Hinge 117n,bibendum felis sed interdum venenatis turpis enim blandit mi in porttitor pede justo eu massa donec dapibus
Lettuce - Curly Endive,quis lectus suspendisse potenti in eleifend quam a odio in hac
Versatainer Nc - 888,justo morbi ut odio cras mi pede malesuada in imperdiet et
Pizza Pizza Dough,at velit eu est congue elementum in hac habitasse platea dictumst morbi vestibulum velit id pretium iaculis
Bacardi Breezer - Strawberry,rutrum at lorem integer tincidunt ante vel ipsum praesent blandit lacinia erat vestibulum sed magna at nunc commodo
Muffin - Banana Nut Individual,mauris sit amet eros suspendisse accumsan tortor quis turpis sed ante vivamus
"Asparagus - Green, Fresh",quam sapien varius ut blandit non interdum in ante vestibulum ante ipsum primis in
Milkettes - 2%,tincidunt lacus at velit vivamus vel nulla eget eros elementum pellentesque quisque
Canadian Emmenthal,vitae nisl aenean lectus pellentesque eget nunc donec quis orci eget orci vehicula condimentum curabitur in libero ut
"Pork - Tenderloin, Frozen",volutpat erat quisque erat eros viverra eget congue eget semper rutrum nulla
Squid U5 - Thailand,at velit eu est congue elementum in hac habitasse platea dictumst morbi vestibulum velit id
Potatoes - Pei 10 Oz,lobortis sapien sapien non mi integer ac neque duis bibendum
Beef - Ox Tongue,vivamus metus arcu adipiscing molestie hendrerit at vulputate vitae nisl aenean lectus pellentesque eget nunc donec quis orci eget orci
"Fish - Scallops, Cold Smoked",rutrum nulla tellus in sagittis dui vel nisl duis ac
Beer - Molson Excel,vel sem sed sagittis nam congue risus semper porta volutpat quam pede lobortis ligula
Bar - Sweet And Salty Chocolate,sed magna at nunc commodo placerat praesent blandit nam nulla integer
Cookie Trail Mix,nibh in lectus pellentesque at nulla suspendisse potenti cras in purus eu magna vulputate
Chocolate Liqueur - Godet White,in quis justo maecenas rhoncus aliquam lacus morbi quis tortor id nulla ultrices aliquet
Pork - Kidney,nec dui luctus rutrum nulla tellus in sagittis dui vel nisl duis ac nibh fusce lacus purus aliquet at
Apricots - Dried,vestibulum ante ipsum primis in faucibus orci luctus et ultrices posuere cubilia curae duis faucibus accumsan odio curabitur convallis duis
Irish Cream - Baileys,dui nec nisi volutpat eleifend donec ut dolor morbi vel lectus in quam fringilla rhoncus mauris enim leo rhoncus
Shrimp - Black Tiger 16/20,dui vel sem sed sagittis nam congue risus semper porta
Vinegar - Raspberry,tincidunt ante vel ipsum praesent blandit lacinia erat vestibulum sed magna at nunc commodo placerat
Lamb - Shoulder,erat tortor sollicitudin mi sit amet lobortis sapien sapien non
"Chestnuts - Whole,canned",nec condimentum neque sapien placerat ante nulla justo aliquam quis turpis eget elit sodales scelerisque
Lid Coffeecup 12oz D9542b,mattis nibh ligula nec sem duis aliquam convallis nunc proin at turpis a pede posuere nonummy integer non velit donec
"Pasta - Penne, Rigate, Dry",eget eleifend luctus ultricies eu nibh quisque id justo sit amet sapien dignissim vestibulum vestibulum ante ipsum
Sugar - Fine,pellentesque eget nunc donec quis orci eget orci vehicula condimentum curabitur in libero ut massa volutpat
Pepsi - 600ml,non mattis pulvinar nulla pede ullamcorper augue a suscipit nulla
Bagel - Plain,nulla elit ac nulla sed vel enim sit amet nunc viverra
Bar - Sweet And Salty Chocolate,purus eu magna vulputate luctus cum sociis natoque penatibus et magnis
Cheese - Le Cru Du Clocher,nisl aenean lectus pellentesque eget nunc donec quis orci eget orci vehicula condimentum curabitur
"Arctic Char - Fresh, Whole",curae nulla dapibus dolor vel est donec odio justo sollicitudin ut suscipit a feugiat et eros vestibulum ac est
Trout Rainbow Whole,aliquam lacus morbi quis tortor id nulla ultrices aliquet maecenas leo
Wheat - Soft Kernal Of Wheat,hac habitasse platea dictumst aliquam augue quam sollicitudin vitae consectetuer eget rutrum at lorem integer tincidunt ante vel ipsum praesent
"Lid - 10,12,16 Oz",praesent blandit nam nulla integer pede justo lacinia eget tincidunt eget tempus
Wine - Duboeuf Beaujolais,lorem integer tincidunt ante vel ipsum praesent blandit lacinia erat vestibulum sed
Bay Leaf Ground,nulla eget eros elementum pellentesque quisque porta volutpat erat quisque erat eros viverra eget congue eget semper rutrum nulla
Sorrel - Fresh,justo in blandit ultrices enim lorem ipsum dolor sit amet consectetuer adipiscing elit proin interdum mauris non
Nori Sea Weed - Gold Label,nisi vulputate nonummy maecenas tincidunt lacus at velit vivamus vel nulla
Cake - Box Window 10x10x2.5,nunc rhoncus dui vel sem sed sagittis nam congue risus semper porta volutpat quam pede lobortis ligula sit amet
"Red Snapper - Fillet, Skin On",aenean fermentum donec ut mauris eget massa tempor convallis nulla neque
Cheese - Swiss,in hac habitasse platea dictumst aliquam augue quam sollicitudin vitae consectetuer eget rutrum at lorem integer tincidunt ante
"Bread - Pita, Mini",condimentum curabitur in libero ut massa volutpat convallis morbi odio odio elementum eu
Tahini Paste,primis in faucibus orci luctus et ultrices posuere cubilia curae nulla dapibus dolor vel est donec
Pork - Belly Fresh,mi integer ac neque duis bibendum morbi non quam nec dui luctus rutrum nulla
Pancetta,quam sollicitudin vitae consectetuer eget rutrum at lorem integer tincidunt ante vel ipsum praesent blandit
Cookie - Oatmeal,rutrum nulla tellus in sagittis dui vel nisl duis ac
Bar Energy Chocchip,consequat metus sapien ut nunc vestibulum ante ipsum primis in faucibus orci luctus
Wine - Gato Negro Cabernet,interdum in ante vestibulum ante ipsum primis in faucibus orci luctus et ultrices posuere cubilia curae duis
Bread - White Mini Epi,blandit lacinia erat vestibulum sed magna at nunc commodo placerat praesent blandit nam nulla
"Chicken - White Meat, No Tender",sodales sed tincidunt eu felis fusce posuere felis sed lacus morbi sem mauris laoreet ut rhoncus aliquet pulvinar
Tarts Assorted,amet consectetuer adipiscing elit proin risus praesent lectus vestibulum quam sapien
Pork Salted Bellies,faucibus orci luctus et ultrices posuere cubilia curae mauris viverra diam vitae
Chickensplit Half,penatibus et magnis dis parturient montes nascetur ridiculus mus vivamus vestibulum sagittis sapien cum sociis natoque penatibus et magnis dis
"Pasta - Gnocchi, Potato",lorem quisque ut erat curabitur gravida nisi at nibh in hac habitasse platea
Lemon Tarts,nulla suscipit ligula in lacus curabitur at ipsum ac tellus semper interdum mauris ullamcorper purus sit amet nulla quisque
Flavouring - Orange,nunc viverra dapibus nulla suscipit ligula in lacus curabitur at ipsum ac tellus semper interdum
Pepper - Orange,pellentesque ultrices mattis odio donec vitae nisi nam ultrices libero non mattis pulvinar
Frangelico,nullam varius nulla facilisi cras non velit nec nisi vulputate nonummy maecenas tincidunt lacus at
Dragon Fruit,dui vel nisl duis ac nibh fusce lacus purus aliquet at feugiat non pretium
Cake - Mini Cheesecake,orci luctus et ultrices posuere cubilia curae duis faucibus accumsan odio
Pumpkin - Seed,faucibus orci luctus et ultrices posuere cubilia curae duis faucibus accumsan odio curabitur convallis duis
Ice Cream Bar - Oreo Cone,est congue elementum in hac habitasse platea dictumst morbi vestibulum velit id pretium iaculis
Smirnoff Green Apple Twist,nisl aenean lectus pellentesque eget nunc donec quis orci eget orci vehicula condimentum curabitur in libero
"Juice - Tomato, 48 Oz",nunc nisl duis bibendum felis sed interdum venenatis turpis enim blandit
Lettuce - Arugula,libero non mattis pulvinar nulla pede ullamcorper augue a suscipit nulla elit
Bread - Corn Muffaleta Onion,vestibulum sagittis sapien cum sociis natoque penatibus et magnis dis parturient montes nascetur ridiculus mus etiam vel augue vestibulum
Sauce - Balsamic Viniagrette,lobortis sapien sapien non mi integer ac neque duis bibendum morbi non quam nec
Skewers - Bamboo,felis ut at dolor quis odio consequat varius integer ac leo pellentesque ultrices mattis odio
Star Fruit,nec euismod scelerisque quam turpis adipiscing lorem vitae mattis nibh
Fennel - Seeds,justo eu massa donec dapibus duis at velit eu est congue
Soup - Campbells Mac N Cheese,maecenas pulvinar lobortis est phasellus sit amet erat nulla tempus vivamus in felis eu sapien cursus vestibulum proin eu
Bread - Italian Roll With Herbs,duis consequat dui nec nisi volutpat eleifend donec ut dolor morbi vel lectus in quam fringilla rhoncus
Wild Boar - Tenderloin,velit id pretium iaculis diam erat fermentum justo nec condimentum
Flour - Chickpea,amet consectetuer adipiscing elit proin interdum mauris non ligula pellentesque ultrices phasellus id sapien in sapien iaculis congue vivamus
Eggs - Extra Large,sed augue aliquam erat volutpat in congue etiam justo etiam pretium iaculis justo in hac habitasse platea dictumst
Ham - Black Forest,convallis nulla neque libero convallis eget eleifend luctus ultricies eu
Appetizer - Crab And Brie,eros suspendisse accumsan tortor quis turpis sed ante vivamus tortor duis mattis egestas metus aenean fermentum
Bar Energy Chocchip,semper porta volutpat quam pede lobortis ligula sit amet eleifend pede libero quis orci nullam molestie nibh
Wine - Chablis 2003 Champs,lorem id ligula suspendisse ornare consequat lectus in est risus auctor sed tristique in tempus sit amet
Ice Cream Bar - Hageen Daz To,gravida nisi at nibh in hac habitasse platea dictumst aliquam augue quam sollicitudin vitae consectetuer eget
Pepper - Red Chili,risus auctor sed tristique in tempus sit amet sem fusce consequat nulla nisl nunc
Bar Special K,sit amet cursus id turpis integer aliquet massa id lobortis convallis tortor risus dapibus
Soap - Hand Soap,ac consequat metus sapien ut nunc vestibulum ante ipsum primis in faucibus orci luctus et ultrices posuere cubilia
Bread - 10 Grain Parisian,ligula vehicula consequat morbi a ipsum integer a nibh in quis justo maecenas rhoncus aliquam
"Fish - Artic Char, Cold Smoked",velit donec diam neque vestibulum eget vulputate ut ultrices vel augue vestibulum
Bagel - Everything,at turpis donec posuere metus vitae ipsum aliquam non mauris morbi non lectus aliquam sit amet diam in magna bibendum
Jolt Cola - Red Eye,at velit eu est congue elementum in hac habitasse platea dictumst morbi vestibulum velit id pretium
Eggplant Oriental,quis odio consequat varius integer ac leo pellentesque ultrices mattis odio donec vitae nisi nam
"Pasta - Orzo, Dry",elit sodales scelerisque mauris sit amet eros suspendisse accumsan tortor quis turpis sed ante vivamus tortor duis
Muffin Batt - Blueberry Passion,magnis dis parturient montes nascetur ridiculus mus vivamus vestibulum sagittis sapien
Yogurt - Assorted Pack,nibh in quis justo maecenas rhoncus aliquam lacus morbi quis tortor id nulla ultrices
"Mushroom - Shitake, Dry",justo nec condimentum neque sapien placerat ante nulla justo aliquam quis turpis eget elit sodales scelerisque mauris sit
Cookies - Amaretto,eros suspendisse accumsan tortor quis turpis sed ante vivamus tortor duis
"Glass - Wine, Plastic, Clear 5 Oz",vestibulum rutrum rutrum neque aenean auctor gravida sem praesent id
Egg Patty Fried,libero rutrum ac lobortis vel dapibus at diam nam tristique tortor eu pede
Muffin - Mix - Bran And Maple 15l,ac tellus semper interdum mauris ullamcorper purus sit amet nulla quisque arcu libero rutrum
Sauce - Soy Low Sodium - 3.87l,ut suscipit a feugiat et eros vestibulum ac est lacinia nisi venenatis tristique fusce congue diam id ornare imperdiet sapien
Stainless Steel Cleaner Vision,nisl aenean lectus pellentesque eget nunc donec quis orci eget orci vehicula condimentum curabitur in libero ut massa
"Tomatoes - Plum, Canned",sapien arcu sed augue aliquam erat volutpat in congue etiam justo etiam pretium iaculis justo in
Mints - Striped Red,duis consequat dui nec nisi volutpat eleifend donec ut dolor morbi vel lectus in quam fringilla
Mayonnaise - Individual Pkg,orci vehicula condimentum curabitur in libero ut massa volutpat convallis morbi odio odio elementum
Sobe - Lizard Fuel,pulvinar nulla pede ullamcorper augue a suscipit nulla elit ac nulla sed vel enim sit amet nunc viverra
Higashimaru Usukuchi Soy,platea dictumst etiam faucibus cursus urna ut tellus nulla ut erat id mauris vulputate elementum nullam varius nulla facilisi
Eggplant Oriental,placerat ante nulla justo aliquam quis turpis eget elit sodales scelerisque mauris sit amet eros suspendisse accumsan tortor quis turpis
"Halibut - Whole, Fresh",massa id lobortis convallis tortor risus dapibus augue vel accumsan tellus
Sauce - Marinara,vestibulum vestibulum ante ipsum primis in faucibus orci luctus et ultrices posuere cubilia curae nulla dapibus
Bread - Petit Baguette,fusce congue diam id ornare imperdiet sapien urna pretium nisl ut
Munchies Honey Sweet Trail Mix,est phasellus sit amet erat nulla tempus vivamus in felis
Turkey Leg With Drum And Thigh,lorem integer tincidunt ante vel ipsum praesent blandit lacinia erat vestibulum sed magna at nunc commodo placerat praesent blandit nam
"Ham - Smoked, Bone - In",in tempus sit amet sem fusce consequat nulla nisl nunc nisl
Bread Base - Toscano,vestibulum sagittis sapien cum sociis natoque penatibus et magnis dis parturient montes nascetur
Tamarind Paste,ultrices posuere cubilia curae nulla dapibus dolor vel est donec odio justo
Worcestershire Sauce,id nulla ultrices aliquet maecenas leo odio condimentum id luctus
Rosemary - Dry,consequat ut nulla sed accumsan felis ut at dolor quis odio consequat varius integer ac
Tamarillo,ultrices phasellus id sapien in sapien iaculis congue vivamus metus arcu adipiscing molestie hendrerit at vulputate vitae
Wine - Pinot Noir Mondavi Coastal,nisi at nibh in hac habitasse platea dictumst aliquam augue quam sollicitudin vitae consectetuer eget rutrum at lorem integer tincidunt
Wine - Tio Pepe Sherry Fino,ultrices posuere cubilia curae nulla dapibus dolor vel est donec odio justo sollicitudin ut suscipit a
Bread Base - Italian,id lobortis convallis tortor risus dapibus augue vel accumsan tellus nisi eu orci mauris lacinia sapien quis
"Fish - Artic Char, Cold Smoked",lorem id ligula suspendisse ornare consequat lectus in est risus
Wine - Montecillo Rioja Crianza,at nibh in hac habitasse platea dictumst aliquam augue quam sollicitudin vitae consectetuer
"Gingerale - Schweppes, 355 Ml",amet nunc viverra dapibus nulla suscipit ligula in lacus curabitur at ipsum ac tellus semper interdum
Lid - 0090 Clear,tellus in sagittis dui vel nisl duis ac nibh fusce
Pepper - Jalapeno,in porttitor pede justo eu massa donec dapibus duis at velit eu est congue
"Wine - Red, Harrow Estates, Cab",morbi non lectus aliquam sit amet diam in magna bibendum imperdiet nullam orci pede
Gatorade - Fruit Punch,parturient montes nascetur ridiculus mus vivamus vestibulum sagittis sapien cum sociis natoque penatibus et magnis dis
Rabbit - Saddles,nunc rhoncus dui vel sem sed sagittis nam congue risus
Pineapple - Golden,vestibulum vestibulum ante ipsum primis in faucibus orci luctus et ultrices posuere cubilia curae nulla dapibus
Bagel - Ched Chs Presliced,arcu adipiscing molestie hendrerit at vulputate vitae nisl aenean lectus pellentesque eget nunc donec
Juice - Happy Planet,curae nulla dapibus dolor vel est donec odio justo sollicitudin ut suscipit a
Mustard Prepared,massa volutpat convallis morbi odio odio elementum eu interdum eu tincidunt in leo maecenas pulvinar lobortis est
Bagels Poppyseed,nec nisi volutpat eleifend donec ut dolor morbi vel lectus in quam
Sprite - 355 Ml,convallis nulla neque libero convallis eget eleifend luctus ultricies eu nibh quisque id justo sit amet sapien dignissim vestibulum
"Mushroom - Shitake, Fresh",dolor sit amet consectetuer adipiscing elit proin risus praesent lectus vestibulum quam sapien varius ut blandit non interdum
Garam Masala Powder,lorem ipsum dolor sit amet consectetuer adipiscing elit proin interdum mauris non ligula pellentesque ultrices
Salmon - Fillets,nibh in lectus pellentesque at nulla suspendisse potenti cras in purus eu magna vulputate luctus cum sociis
