Mills Inc,2521 Arapahoe Court
"Jast, Kertzmann and Considine",199 Mosinee Park
Langworth-Kuvalis,648 Forest Junction
"Purdy, Hand and Weissnat",7 Helena Pass
Mayert-Rosenbaum,5 Clemons Parkway
"Abernathy, Franecki and Simonis",8674 Grover Parkway
Medhurst-Stark,150 Waubesa Parkway
"Bernier, Bartell and Fisher",28 Gulseth Avenue
"Stoltenberg, Mayert and Labadie",2 Straubel Center
"Labadie, Mayer and Kuhn",3 Vera Trail
Bailey Group,71303 Bartillon Street
Nitzsche-Stehr,577 Banding Circle
VonRueden-McGlynn,300 Delladonna Crossing
Osinski and Sons,74 Maryland Parkway
Murphy LLC,48828 Forest Court
Trantow and Sons,571 Thackeray Point
"Stoltenberg, Walker and Kunde",89 Truax Drive
O'Reilly LLC,54 Glendale Street
"Hessel, Towne and Kuphal",27 Independence Drive
"Dare, Hane and Bashirian",82336 Paget Parkway
Parker-Tillman,65080 Marquette Place
"McClure, Hagenes and Auer",7 Marcy Point
Waters-Hudson,48 Carpenter Place
Larkin and Sons,5596 Karstens Terrace
Schaden LLC,855 Meadow Valley Trail
Monahan Inc,1403 Bayside Hill
Abernathy-Prohaska,1 Merchant Circle
"Hane, Nader and Lesch",02537 Maywood Point
McKenzie-Hudson,107 Fordem Park
Gutkowski Group,5082 Nevada Trail
"Olson, Skiles and Doyle",08 Mccormick Way
"Bogisich, Treutel and Murphy",52432 Stone Corner Lane
Goldner and Sons,3765 Havey Lane
Wilkinson-Hane,38 Bartelt Alley
"Koch, Okuneva and Fisher",53446 Birchwood Plaza
Braun-McClure,147 Parkside Avenue
"Toy, Marquardt and Turcotte",676 Monterey Circle
"Robel, Bradtke and Stamm",8 Rusk Park
"Erdman, Breitenberg and Maggio",65 Debra Crossing
"Lueilwitz, Bednar and Collins",57546 Jenifer Point
"Jakubowski, Jacobi and Stroman",6806 Helena Center
Mann and Sons,9087 Knutson Avenue
"Swift, Huels and Denesik",791 Transport Junction
"Bartoletti, Anderson and Brakus",858 Anniversary Street
"Smith, Jaskolski and Lueilwitz",331 Prairieview Park
"Krajcik, Maggio and Walker",1 Melvin Park
Dicki and Sons,93149 East Parkway
Murray-Hirthe,0 Fisk Way
Cassin-Harber,053 Dottie Lane
Collier Group,598 Oak Valley Place
"Abernathy, Hodkiewicz and Mann",34126 Petterle Alley
Bosco and Sons,32131 Debra Street
Bechtelar-Kerluke,74 Old Gate Court
Zemlak Group,2 Kim Way
"Johns, Cormier and Torphy",4 Badeau Terrace
Schultz-Spencer,24 Hauk Road
Blanda Group,4 Pennsylvania Street
"Schoen, Ward and Adams",8572 Artisan Drive
Gusikowski Group,30257 Mallard Avenue
Lemke Inc,5337 Manley Junction
"Hudson, Wisoky and Schaden",769 Messerschmidt Place
"Quigley, Hand and Ferry",23 Scoville Road
"Parisian, Wintheiser and Schneider",90 Tennyson Point
"Keebler, Marks and Mitchell",61 Randy Circle
Rau-Ortiz,7121 Vernon Court
"Hodkiewicz, Rau and Ryan",7398 Carey Crossing
Dickens-Russel,923 Aberg Park
"Wiegand, Medhurst and Goyette",6 Cardinal Trail
Torphy-Keebler,2545 Mcguire Hill
Graham-Kub,12 Killdeer Parkway
Yundt-Greenholt,5 Meadow Vale Court
"Bechtelar, Connelly and Deckow",77433 Cottonwood Avenue
"Schimmel, Lebsack and Hodkiewicz",4 Westend Point
Swift and Sons,0513 Shasta Pass
"Rogahn, Douglas and Trantow",99 Debra Hill
Greenholt-Bosco,18927 Dakota Pass
"O'Reilly, Ruecker and Streich",01652 Miller Circle
Bruen-Parker,45645 Sherman Crossing
Littel and Sons,24870 Express Junction
Brown-Price,3593 Marcy Street
Romaguera-Murazik,855 Caliangt Plaza
"Reilly, Stokes and Morar",20 Dwight Park
Smith-Dach,325 Columbus Pass
"Hamill, Stroman and Conroy",3 Lake View Trail
Thompson Inc,1 Gulseth Pass
Quigley LLC,8 Kedzie Street
Gislason and Sons,8565 Memorial Alley
"Runte, O'Reilly and Boyle",88085 Rieder Alley
Frami LLC,7 West Point
Gleichner-Ziemann,734 Eliot Court
"Bins, Hartmann and Bartell",68 Bluestem Street
Beer Group,5 Veith Plaza
Huels-Jast,86883 Killdeer Crossing
"Jast, Kris and Tillman",468 Elmside Hill
Boyle Group,92 Dorton Plaza
Pfeffer-Kuvalis,27891 Fulton Junction
Medhurst-Goldner,20 Schlimgen Alley
Wilkinson and Sons,0 Twin Pines Parkway
"Mante, Heathcote and Ernser",8083 Dryden Alley
Nikolaus-Mayert,258 Badeau Point
Gusikowski and Sons,44 Drewry Crossing
Mraz-Rolfson,06 Colorado Circle
Cassin-Ullrich,6586 Veith Way
Cole-Bahringer,1 Dakota Trail
Luettgen-White,1 Victoria Junction
Ziemann and Sons,9053 Manufacturers Center
Gottlieb and Sons,3 Pleasure Place
Waelchi-Lemke,17 Straubel Pass
Wunsch Group,0057 Gina Circle
Barrows-Abbott,082 Ruskin Crossing
Cronin-Oberbrunner,499 Warner Point
"White, Oberbrunner and Johnson",928 Barby Junction
"Crooks, Leuschke and Renner",42 Rieder Way
O'Kon-Baumbach,8277 Riverside Alley
"Kohler, Jacobs and Kemmer",74208 Jackson Parkway
"Purdy, Koss and Keebler",7456 Sycamore Court
"Leuschke, Kutch and Bednar",9 Erie Place
Kreiger Group,8 Monterey Drive
Lind Inc,76527 Butterfield Plaza
Turner-Zemlak,62 Killdeer Center
Mann-Raynor,8008 Dunning Drive
Parker-Monahan,5013 Center Hill
"Murray, Witting and Mitchell",45 Golden Leaf Court
Prohaska-Mertz,3366 Vahlen Drive
Parker-Ruecker,622 Talisman Point
Corwin-Hackett,2 Warbler Crossing
Howe LLC,72906 Waubesa Alley
"Dooley, Mitchell and Yundt",4 Melvin Pass
Luettgen-Beatty,74231 Walton Point
"Borer, Raynor and Hammes",9 Green Ridge Pass
Klein-Bernier,0784 Luster Court
O'Reilly-Purdy,876 Scofield Plaza
Lang Inc,9430 Morningstar Avenue
Ryan-Swift,56348 New Castle Lane
Miller and Sons,017 Spaight Parkway
Orn-Rice,22 Lotheville Place
Runolfsson-Grady,54068 Sheridan Alley
Spencer Inc,01889 Drewry Lane
Hyatt and Sons,3 Fairview Alley
Kiehn Group,85152 Florence Circle
Cronin and Sons,35398 Leroy Circle
Kshlerin-Thiel,4576 Washington Pass
Auer-Bartell,6277 Loomis Drive
"Rice, O'Hara and Nader",3487 Fairfield Court
Hahn-Purdy,952 Dottie Road
Larson-Huels,1 Jay Road
Walker and Sons,4842 Eastlawn Place
Funk Group,9690 Elka Park
Dicki-Medhurst,3396 Ridgeview Center
"Volkman, Kuphal and Labadie",916 Stuart Alley
Blick LLC,4 Charing Cross Center
Oberbrunner Inc,639 Tennessee Parkway
Schamberger-Hodkiewicz,5 Corscot Center
Goldner-Stehr,25 Cardinal Road
Satterfield and Sons,8 Scofield Avenue
"Towne, Pagac and Jast",776 Lakewood Terrace
"Stamm, Bode and Kuhic",8810 Morning Circle
"Glover, Hermiston and Feest",2 Armistice Court
Dietrich Inc,5186 Harper Avenue
Goldner-Thiel,7 Eastwood Trail
Roob Inc,0 Drewry Alley
Prohaska-Monahan,430 Miller Hill
Veum LLC,6 Pine View Road
"Huel, Hamill and Larkin",3 Colorado Park
"Balistreri, Torp and Doyle",198 Northport Center
Schmidt-Rowe,5874 Manley Pass
Wiza-Thiel,597 Eagle Crest Drive
Simonis-Considine,44795 Sycamore Center
Heathcote-Collins,81 Upham Point
Moen Inc,298 Northridge Point
Mayer Inc,9593 Esker Circle
"Wisozk, Senger and Grimes",8614 Fairfield Court
Hagenes Inc,3 Village Green Hill
Schuster-Swaniawski,2538 Garrison Court
"Ebert, Ondricka and Mraz",7704 Buena Vista Way
Gerhold-Schimmel,25 Clove Drive
Koelpin-Kozey,55490 Warbler Alley
Parker-MacGyver,99 Nova Circle
Becker-Konopelski,431 New Castle Park
"Kautzer, Homenick and Spinka",0 Sutherland Alley
"Swift, Rogahn and Flatley",37850 Summer Ridge Crossing
Spencer-Ward,42 Merrick Alley
Shields-Lebsack,70 Gina Trail
Ryan-Jacobi,9052 Arrowood Place
Brekke-Schaden,5170 Jay Junction
Sawayn-Schuppe,5943 Dottie Parkway
"Jenkins, Ernser and Kautzer",709 Granby Court
Feil-Fisher,1091 Bellgrove Place
Klocko and Sons,966 Becker Plaza
Legros-Kertzmann,74 Marcy Drive
Howe Inc,00 Ryan Parkway
"Sanford, Gislason and Stokes",6376 Brickson Park Terrace
"Murray, Schiller and Dach",7759 Scoville Parkway
Mayer-Kunde,6 2nd Plaza
Okuneva LLC,96355 Superior Place
Koelpin and Sons,70 Mayfield Circle
McDermott LLC,8 Vidon Terrace
Hirthe-Kuhn,47 Eastlawn Parkway
Mertz and Sons,26 Susan Hill
Luettgen-Bailey,9121 Farragut Circle
